"seed","arm","precision","recall","f1","shd","n_traps","accepts_any_trap","beta_s0s1_latent","beta_s0s1_naive","beta_s0s1_adjusted","beta_s1s2"
1067204371,"A",0.714285714285714,0.833333333333333,0.769230769230769,3,2,TRUE,0.1798989116377,0.264363998166396,0.529313015041315,0.0301641033717434
1067204371,"B",1,0.833333333333333,0.909090909090909,1,0,FALSE,0.1798989116377,0.264363998166396,0.529313015041315,0.0301641033717434
1067204371,"C",1,1,1,0,0,FALSE,0.1798989116377,0.264363998166396,0.529313015041315,0.0301641033717434
981452042,"A",0.714285714285714,0.833333333333333,0.769230769230769,3,2,TRUE,0.40749908904704,0.502461639365265,0.865964993168458,-0.188267481199499
981452042,"B",1,0.833333333333333,0.909090909090909,1,0,FALSE,0.40749908904704,0.502461639365265,0.865964993168458,-0.188267481199499
981452042,"C",1,1,1,0,0,FALSE,0.40749908904704,0.502461639365265,0.865964993168458,-0.188267481199499
1681280146,"A",0.714285714285714,0.833333333333333,0.769230769230769,3,2,TRUE,0.287340745483669,0.37237698722268,0.839834049044464,0.289748576260103
1681280146,"B",1,0.833333333333333,0.909090909090909,1,0,FALSE,0.287340745483669,0.37237698722268,0.839834049044464,0.289748576260103
1681280146,"C",1,1,1,0,0,FALSE,0.287340745483669,0.37237698722268,0.839834049044464,0.289748576260103
1524780606,"A",0.714285714285714,0.833333333333333,0.769230769230769,3,2,TRUE,0.363211652036629,0.436595354635026,0.788119515891975,0.285841893676836
1524780606,"B",1,0.833333333333333,0.909090909090909,1,0,FALSE,0.363211652036629,0.436595354635026,0.788119515891975,0.285841893676836
1524780606,"C",1,1,1,0,0,FALSE,0.363211652036629,0.436595354635026,0.788119515891975,0.285841893676836
2074214725,"A",0.714285714285714,0.833333333333333,0.769230769230769,3,2,TRUE,0.210614369874134,0.305771824212639,0.548019525241327,0.294034906584879
2074214725,"B",1,0.833333333333333,0.909090909090909,1,0,FALSE,0.210614369874134,0.305771824212639,0.548019525241327,0.294034906584879
2074214725,"C",1,1,1,0,0,FALSE,0.210614369874134,0.305771824212639,0.548019525241327,0.294034906584879
1056007203,"A",0.714285714285714,0.833333333333333,0.769230769230769,3,2,TRUE,0.200115582393365,0.316519618268039,0.795844852988416,-0.192307038546335
1056007203,"B",1,0.833333333333333,0.909090909090909,1,0,FALSE,0.200115582393365,0.316519618268039,0.795844852988416,-0.192307038546335
1056007203,"C",1,1,1,0,0,FALSE,0.200115582393365,0.316519618268039,0.795844852988416,-0.192307038546335
733031887,"A",0.714285714285714,0.833333333333333,0.769230769230769,3,2,TRUE,0.259692899188375,0.342973597384368,0.62133713346167,0.28268258775006
733031887,"B",1,0.833333333333333,0.909090909090909,1,0,FALSE,0.259692899188375,0.342973597384368,0.62133713346167,0.28268258775006
733031887,"C",1,1,1,0,0,FALSE,0.259692899188375,0.342973597384368,0.62133713346167,0.28268258775006
1893589388,"A",0.714285714285714,0.833333333333333,0.769230769230769,3,2,TRUE,0.148199232628061,0.244250074377336,0.704395340150618,-0.0714228535504655
1893589388,"B",1,0.833333333333333,0.909090909090909,1,0,FALSE,0.148199232628061,0.244250074377336,0.704395340150618,-0.0714228535504655
1893589388,"C",1,1,1,0,0,FALSE,0.148199232628061,0.244250074377336,0.704395340150618,-0.0714228535504655
1501842824,"A",0.714285714285714,0.833333333333333,0.769230769230769,3,2,TRUE,0.242571393173608,0.316060578819607,0.605305148748205,0.200684487293061
1501842824,"B",1,0.833333333333333,0.909090909090909,1,0,FALSE,0.242571393173608,0.316060578819607,0.605305148748205,0.200684487293061
1501842824,"C",1,1,1,0,0,FALSE,0.242571393173608,0.316060578819607,0.605305148748205,0.200684487293061
1040303148,"A",0.714285714285714,0.833333333333333,0.769230769230769,3,2,TRUE,0.307900303825795,0.360470222308456,0.731822800431861,0.429292871404191
1040303148,"B",1,0.833333333333333,0.909090909090909,1,0,FALSE,0.307900303825795,0.360470222308456,0.731822800431861,0.429292871404191
1040303148,"C",1,1,1,0,0,FALSE,0.307900303825795,0.360470222308456,0.731822800431861,0.429292871404191
602354351,"A",0.714285714285714,0.833333333333333,0.769230769230769,3,2,TRUE,0.259111146717896,0.347050145393176,0.844227572493336,0.28523032871394
602354351,"B",1,0.833333333333333,0.909090909090909,1,0,FALSE,0.259111146717896,0.347050145393176,0.844227572493336,0.28523032871394
602354351,"C",1,1,1,0,0,FALSE,0.259111146717896,0.347050145393176,0.844227572493336,0.28523032871394
1525962596,"A",0.714285714285714,0.833333333333333,0.769230769230769,3,2,TRUE,0.376105194314389,0.457076528937647,0.862369009804945,0.321282292415027
1525962596,"B",1,0.833333333333333,0.909090909090909,1,0,FALSE,0.376105194314389,0.457076528937647,0.862369009804945,0.321282292415027
1525962596,"C",1,1,1,0,0,FALSE,0.376105194314389,0.457076528937647,0.862369009804945,0.321282292415027
643553869,"A",0.714285714285714,0.833333333333333,0.769230769230769,3,2,TRUE,0.275870974112035,0.391576845715528,0.805917250276376,0.630232949482345
643553869,"B",1,0.833333333333333,0.909090909090909,1,0,FALSE,0.275870974112035,0.391576845715528,0.805917250276376,0.630232949482345
643553869,"C",1,1,1,0,0,FALSE,0.275870974112035,0.391576845715528,0.805917250276376,0.630232949482345
1306216256,"A",0.714285714285714,0.833333333333333,0.769230769230769,3,2,TRUE,0.218521241431851,0.268254321458516,0.645410910534797,0.297699645695842
1306216256,"B",1,0.833333333333333,0.909090909090909,1,0,FALSE,0.218521241431851,0.268254321458516,0.645410910534797,0.297699645695842
1306216256,"C",1,1,1,0,0,FALSE,0.218521241431851,0.268254321458516,0.645410910534797,0.297699645695842
1964158885,"A",0.714285714285714,0.833333333333333,0.769230769230769,3,2,TRUE,0.292086611326861,0.385748867462605,0.794105444692644,0.376282372344043
1964158885,"B",1,0.833333333333333,0.909090909090909,1,0,FALSE,0.292086611326861,0.385748867462605,0.794105444692644,0.376282372344043
1964158885,"C",1,1,1,0,0,FALSE,0.292086611326861,0.385748867462605,0.794105444692644,0.376282372344043
521782770,"A",0.714285714285714,0.833333333333333,0.769230769230769,3,2,TRUE,0.0307944731787402,0.153757552857409,0.474710030121267,0.193136026974494
521782770,"B",1,0.833333333333333,0.909090909090909,1,0,FALSE,0.0307944731787402,0.153757552857409,0.474710030121267,0.193136026974494
521782770,"C",1,1,1,0,0,FALSE,0.0307944731787402,0.153757552857409,0.474710030121267,0.193136026974494
1215488899,"A",0.714285714285714,0.833333333333333,0.769230769230769,3,2,TRUE,0.352698668699449,0.373220153518692,0.817411689751838,0.296518180041922
1215488899,"B",1,0.833333333333333,0.909090909090909,1,0,FALSE,0.352698668699449,0.373220153518692,0.817411689751838,0.296518180041922
1215488899,"C",1,1,1,0,0,FALSE,0.352698668699449,0.373220153518692,0.817411689751838,0.296518180041922
682733366,"A",0.714285714285714,0.833333333333333,0.769230769230769,3,2,TRUE,0.337690466296014,0.420355037723616,0.7994761288589,-0.246198256402383
682733366,"B",1,0.833333333333333,0.909090909090909,1,0,FALSE,0.337690466296014,0.420355037723616,0.7994761288589,-0.246198256402383
682733366,"C",1,1,1,0,0,FALSE,0.337690466296014,0.420355037723616,0.7994761288589,-0.246198256402383
409159886,"A",0.714285714285714,0.833333333333333,0.769230769230769,3,2,TRUE,0.233860109251027,0.326369853601887,0.743029018972911,0.262684471172575
409159886,"B",1,0.833333333333333,0.909090909090909,1,0,FALSE,0.233860109251027,0.326369853601887,0.743029018972911,0.262684471172575
409159886,"C",1,1,1,0,0,FALSE,0.233860109251027,0.326369853601887,0.743029018972911,0.262684471172575
621672576,"A",0.714285714285714,0.833333333333333,0.769230769230769,3,2,TRUE,0.35918822819784,0.470473961197594,0.796345406350296,0.129877253206963
621672576,"B",1,0.833333333333333,0.909090909090909,1,0,FALSE,0.35918822819784,0.470473961197594,0.796345406350296,0.129877253206963
621672576,"C",1,1,1,0,0,FALSE,0.35918822819784,0.470473961197594,0.796345406350296,0.129877253206963
867574994,"A",0.714285714285714,0.833333333333333,0.769230769230769,3,2,TRUE,0.316081322635923,0.419663285206936,0.843454382449446,0.0760068377703352
867574994,"B",1,0.833333333333333,0.909090909090909,1,0,FALSE,0.316081322635923,0.419663285206936,0.843454382449446,0.0760068377703352
867574994,"C",1,1,1,0,0,FALSE,0.316081322635923,0.419663285206936,0.843454382449446,0.0760068377703352
1502234775,"A",0.714285714285714,0.833333333333333,0.769230769230769,3,2,TRUE,0.347267514341645,0.400618003208259,0.773446737883182,0.216526749570729
1502234775,"B",1,0.833333333333333,0.909090909090909,1,0,FALSE,0.347267514341645,0.400618003208259,0.773446737883182,0.216526749570729
1502234775,"C",1,1,1,0,0,FALSE,0.347267514341645,0.400618003208259,0.773446737883182,0.216526749570729
1073863086,"A",0.714285714285714,0.833333333333333,0.769230769230769,3,2,TRUE,0.259326711740149,0.325638448821943,0.803121809719677,0.336016994176503
1073863086,"B",1,0.833333333333333,0.909090909090909,1,0,FALSE,0.259326711740149,0.325638448821943,0.803121809719677,0.336016994176503
1073863086,"C",1,1,1,0,0,FALSE,0.259326711740149,0.325638448821943,0.803121809719677,0.336016994176503
1971019057,"A",0.714285714285714,0.833333333333333,0.769230769230769,3,2,TRUE,0.293742337640702,0.399753888406131,0.668345400244488,-0.426489097599329
1971019057,"B",1,0.833333333333333,0.909090909090909,1,0,FALSE,0.293742337640702,0.399753888406131,0.668345400244488,-0.426489097599329
1971019057,"C",1,1,1,0,0,FALSE,0.293742337640702,0.399753888406131,0.668345400244488,-0.426489097599329
127591404,"A",0.714285714285714,0.833333333333333,0.769230769230769,3,2,TRUE,0.2593283510428,0.329281662142829,0.665226376268286,0.487867000783828
127591404,"B",1,0.833333333333333,0.909090909090909,1,0,FALSE,0.2593283510428,0.329281662142829,0.665226376268286,0.487867000783828
127591404,"C",1,1,1,0,0,FALSE,0.2593283510428,0.329281662142829,0.665226376268286,0.487867000783828
1659081315,"A",0.714285714285714,0.833333333333333,0.769230769230769,3,2,TRUE,0.220544021275454,0.278914461501912,0.671288323402987,-0.0229261127875743
1659081315,"B",1,0.833333333333333,0.909090909090909,1,0,FALSE,0.220544021275454,0.278914461501912,0.671288323402987,-0.0229261127875743
1659081315,"C",1,1,1,0,0,FALSE,0.220544021275454,0.278914461501912,0.671288323402987,-0.0229261127875743
657464365,"A",0.714285714285714,0.833333333333333,0.769230769230769,3,2,TRUE,0.313419757011893,0.379770813334826,0.726790690452702,0.0644027646522764
657464365,"B",1,0.833333333333333,0.909090909090909,1,0,FALSE,0.313419757011893,0.379770813334826,0.726790690452702,0.0644027646522764
657464365,"C",1,1,1,0,0,FALSE,0.313419757011893,0.379770813334826,0.726790690452702,0.0644027646522764
852580640,"A",0.714285714285714,0.833333333333333,0.769230769230769,3,2,TRUE,0.140622198669974,0.25233410040292,0.720848957766038,0.29311240484155
852580640,"B",1,0.833333333333333,0.909090909090909,1,0,FALSE,0.140622198669974,0.25233410040292,0.720848957766038,0.29311240484155
852580640,"C",1,1,1,0,0,FALSE,0.140622198669974,0.25233410040292,0.720848957766038,0.29311240484155
1289570914,"A",0.714285714285714,0.833333333333333,0.769230769230769,3,2,TRUE,0.0883064506598674,0.158281698216267,0.564057235960567,-0.189147182684794
1289570914,"B",1,0.833333333333333,0.909090909090909,1,0,FALSE,0.0883064506598674,0.158281698216267,0.564057235960567,-0.189147182684794
1289570914,"C",1,1,1,0,0,FALSE,0.0883064506598674,0.158281698216267,0.564057235960567,-0.189147182684794
781464079,"A",0.714285714285714,0.833333333333333,0.769230769230769,3,2,TRUE,0.190412837863993,0.24996514918533,0.532845864359859,0.405176333879641
781464079,"B",1,0.833333333333333,0.909090909090909,1,0,FALSE,0.190412837863993,0.24996514918533,0.532845864359859,0.405176333879641
781464079,"C",1,1,1,0,0,FALSE,0.190412837863993,0.24996514918533,0.532845864359859,0.405176333879641
1638179607,"A",0.714285714285714,0.833333333333333,0.769230769230769,3,2,TRUE,0.302981099974456,0.396889845450966,0.818819161705526,0.346744715563195
1638179607,"B",1,0.833333333333333,0.909090909090909,1,0,FALSE,0.302981099974456,0.396889845450966,0.818819161705526,0.346744715563195
1638179607,"C",1,1,1,0,0,FALSE,0.302981099974456,0.396889845450966,0.818819161705526,0.346744715563195
1383293289,"A",0.714285714285714,0.833333333333333,0.769230769230769,3,2,TRUE,0.113468300178157,0.172483656122265,0.458304911742662,0.194801872082776
1383293289,"B",1,0.833333333333333,0.909090909090909,1,0,FALSE,0.113468300178157,0.172483656122265,0.458304911742662,0.194801872082776
1383293289,"C",1,1,1,0,0,FALSE,0.113468300178157,0.172483656122265,0.458304911742662,0.194801872082776
1604632957,"A",0.714285714285714,0.833333333333333,0.769230769230769,3,2,TRUE,0.24324847233127,0.329442207823904,0.803924451638146,0.301522850733695
1604632957,"B",1,0.833333333333333,0.909090909090909,1,0,FALSE,0.24324847233127,0.329442207823904,0.803924451638146,0.301522850733695
1604632957,"C",1,1,1,0,0,FALSE,0.24324847233127,0.329442207823904,0.803924451638146,0.301522850733695
1743748585,"A",0.714285714285714,0.833333333333333,0.769230769230769,3,2,TRUE,0.288431457680782,0.338767952846596,0.638731181873892,0.352330056412855
1743748585,"B",1,0.833333333333333,0.909090909090909,1,0,FALSE,0.288431457680782,0.338767952846596,0.638731181873892,0.352330056412855
1743748585,"C",1,1,1,0,0,FALSE,0.288431457680782,0.338767952846596,0.638731181873892,0.352330056412855
2122658980,"A",0.714285714285714,0.833333333333333,0.769230769230769,3,2,TRUE,0.199702145702781,0.26469934927646,0.734437852802287,0.409034120445612
2122658980,"B",1,0.833333333333333,0.909090909090909,1,0,FALSE,0.199702145702781,0.26469934927646,0.734437852802287,0.409034120445612
2122658980,"C",1,1,1,0,0,FALSE,0.199702145702781,0.26469934927646,0.734437852802287,0.409034120445612
1546973161,"A",0.714285714285714,0.833333333333333,0.769230769230769,3,2,TRUE,0.311785864159116,0.414352181001507,0.790202335856872,-0.107329832176821
1546973161,"B",1,0.833333333333333,0.909090909090909,1,0,FALSE,0.311785864159116,0.414352181001507,0.790202335856872,-0.107329832176821
1546973161,"C",1,1,1,0,0,FALSE,0.311785864159116,0.414352181001507,0.790202335856872,-0.107329832176821
1618206420,"A",0.714285714285714,0.833333333333333,0.769230769230769,3,2,TRUE,0.177187916616085,0.340299659852398,0.66853723954051,0.0527729426534123
1618206420,"B",1,0.833333333333333,0.909090909090909,1,0,FALSE,0.177187916616085,0.340299659852398,0.66853723954051,0.0527729426534123
1618206420,"C",1,1,1,0,0,FALSE,0.177187916616085,0.340299659852398,0.66853723954051,0.0527729426534123
1734879154,"A",0.714285714285714,0.833333333333333,0.769230769230769,3,2,TRUE,0.201515132356418,0.26759654775554,0.655674449229556,-0.0982423175921451
1734879154,"B",1,0.833333333333333,0.909090909090909,1,0,FALSE,0.201515132356418,0.26759654775554,0.655674449229556,-0.0982423175921451
1734879154,"C",1,1,1,0,0,FALSE,0.201515132356418,0.26759654775554,0.655674449229556,-0.0982423175921451
1780942295,"A",0.714285714285714,0.833333333333333,0.769230769230769,3,2,TRUE,0.214714564815192,0.286498309582654,0.551344460520044,0.422118222591163
1780942295,"B",1,0.833333333333333,0.909090909090909,1,0,FALSE,0.214714564815192,0.286498309582654,0.551344460520044,0.422118222591163
1780942295,"C",1,1,1,0,0,FALSE,0.214714564815192,0.286498309582654,0.551344460520044,0.422118222591163
93346831,"A",0.714285714285714,0.833333333333333,0.769230769230769,3,2,TRUE,0.348510847497433,0.417390676950597,0.915378598432114,0.389975966766591
93346831,"B",1,0.833333333333333,0.909090909090909,1,0,FALSE,0.348510847497433,0.417390676950597,0.915378598432114,0.389975966766591
93346831,"C",1,1,1,0,0,FALSE,0.348510847497433,0.417390676950597,0.915378598432114,0.389975966766591
