factor,level,M,decoy_risk,recode_risk,tie_rate,A_accept_trap,A_precision,A_recall,A_shd,B_accept_trap,B_precision,B_recall,B_shd,C_accept_trap,C_precision,C_recall,C_shd,s0s1_latent_mean,s0s1_latent_bias,s0s1_latent_rmse,s0s1_latent_coverage,s0s1_naive_mean,s0s1_naive_bias,s0s1_naive_rmse,s0s1_naive_coverage,sweep,s_min,A_f1,B_f1,scenario,Arm_A_precision_mean,Arm_B_precision_mean,Arm_B_recall_mean,Arm_B_backward_fn_rate
sample_size,1000,80.0,0.3348365373187375,0.14909324630700202,0.025382495198544113,1.0,0.7202380952380952,0.8333333333333333,2.95,0.0,1.0,0.8333333333333333,1.0,0.0,1.0,1.0,0.0,,,,0.0,,,,0.0,,,,,,,,,
sample_size,5000,80.0,0.3316827759380787,0.14793749308996818,0.02645457491467822,1.0,0.7142857142857143,0.8333333333333333,3.0,0.0,1.0,0.8333333333333333,1.0,0.0,1.0,1.0,0.0,,,,0.0,,,,0.0,,,,,,,,,
sample_size,20000,30.0,0.3365053425631363,0.15372472796983985,0.02649867211802221,1.0,0.7142857142857145,0.8333333333333331,3.0,0.0,1.0,0.8333333333333331,1.0,0.0,1.0,1.0,0.0,,,,0.0,,,,0.0,,,,,,,,,
sample_size,100000,8.0,0.3348066267786707,0.15129001149476412,0.026515467080489966,1.0,0.7142857142857143,0.8333333333333334,3.0,0.0,1.0,0.8333333333333334,1.0,0.0,1.0,1.0,0.0,,,,0.0,,,,0.0,,,,,,,,,
kappa,1.0,60.0,0.29991359877027113,0.13283944156168137,0.030368161283419938,1.0,0.7202380952380953,0.8333333333333335,2.95,0.0,1.0,0.8333333333333335,1.0,0.0,1.0,1.0,0.0,,,,0.0,,,,0.0,,,,,,,,,
kappa,1.5,60.0,0.3170642213571966,0.14460572693509827,0.02744443966235872,1.0,0.7142857142857143,0.8333333333333335,3.0,0.0,1.0,0.8333333333333335,1.0,0.0,1.0,1.0,0.0,,,,0.0,,,,0.0,,,,,,,,,
kappa,2.0,60.0,0.3330009761155568,0.1500657096535011,0.025765068188843512,1.0,0.7162698412698414,0.8333333333333335,2.9833333333333334,0.0,1.0,0.8333333333333335,1.0,0.0,1.0,1.0,0.0,,,,0.0,,,,0.0,,,,,,,,,
kappa,3.0,60.0,0.3480105817750257,0.15780020994238558,0.025620451575301847,1.0,0.7142857142857143,0.8333333333333335,3.0,0.0,1.0,0.8333333333333335,1.0,0.0,1.0,1.0,0.0,,,,0.0,,,,0.0,,,,,,,,,
granularity,exact,60.0,0.33434196389558707,0.1495888394497817,0.026783471255898653,1.0,0.7142857142857143,0.8333333333333335,3.0,0.0,1.0,0.8333333333333335,1.0,0.0,1.0,1.0,0.0,,,,,,,,,,,,,,,,,
granularity,daily,60.0,0.2699638194407762,0.22315776684913108,0.02695192415092797,1.0,0.7142857142857143,0.8333333333333335,3.0,0.0,1.0,0.8333333333333335,1.0,0.0,1.0,1.0,0.0,,,,,,,,,,,,,,,,,
granularity,monthly,60.0,0.2652160860462209,0.2120998672825282,0.03575639320244965,1.0,0.7142857142857143,0.8333333333333335,3.0,0.0,1.0,0.8333333333333335,1.0,0.0,1.0,1.0,0.0,,,,,,,,,,,,,,,,,
granularity,yearly,60.0,0.19209745594174135,0.1673934125275372,0.11845164717768139,1.0,0.7142857142857143,0.8333333333333335,3.0,0.0,1.0,0.8333333333333335,1.0,0.0,1.0,1.0,0.0,,,,,,,,,,,,,,,,,
confounding,low,60.0,0.3325540819387631,0.1495201490841453,0.026715997367412796,1.0,0.7142857142857143,0.8333333333333335,3.0,0.0,1.0,0.8333333333333335,1.0,0.0,1.0,1.0,0.0,,,,,,,,,,,,,,,,,
confounding,moderate,60.0,0.33194398145661685,0.1472555393410566,0.0265839870251239,1.0,0.7142857142857143,0.8333333333333335,3.0,0.0,1.0,0.8333333333333335,1.0,0.0,1.0,1.0,0.0,,,,,,,,,,,,,,,,,
confounding,strong,60.0,0.3339414643069782,0.15033691339965446,0.025725607282925587,1.0,0.7142857142857143,0.8333333333333335,3.0,0.0,1.0,0.8333333333333335,1.0,0.0,1.0,1.0,0.0,,,,,,,,,,,,,,,,,
artifacts,off,60.0,0.0,0.0,0.010498364481618378,0.0,1.0,0.8333333333333335,1.0,0.0,1.0,0.8333333333333335,1.0,0.0,1.0,1.0,0.0,,,,,,,,,,,,,,,,,
artifacts,low,60.0,0.1681052490696868,0.09740304608217462,0.014540933349850448,1.0,0.7876984126984128,0.8333333333333335,2.3833333333333333,0.0,1.0,0.8333333333333335,1.0,0.0,1.0,1.0,0.0,,,,,,,,,,,,,,,,,
artifacts,high,60.0,0.4987042617669966,0.14994716107040415,0.04454941052239758,1.0,0.7162698412698414,0.8333333333333335,2.9833333333333334,0.0,1.0,0.8333333333333335,1.0,0.0,1.0,1.0,0.0,,,,,,,,,,,,,,,,,
,,,,,,,0.75,1.0,,,1.0,1.0,,,,,,,,,,,,,,support_threshold,0.01,0.8571428571428571,1.0,,,,,
,,,,,,,0.75,1.0,,,1.0,1.0,,,,,,,,,,,,,,support_threshold,0.02,0.8571428571428571,1.0,,,,,
,,,,,,,0.7142857142857143,0.8333333333333334,,,1.0,0.8333333333333334,,,,,,,,,,,,,,support_threshold,0.05,0.7692307692307692,0.9090909090909091,,,,,
,,,,,,,0.7142857142857143,0.8333333333333334,,,1.0,0.8333333333333334,,,,,,,,,,,,,,support_threshold,0.1,0.7692307692307692,0.9090909090909091,,,,,
,,,,,,,0.7142857142857143,0.8333333333333334,,,1.0,0.8333333333333334,,,,,,,,,,,,,,support_threshold,0.15,0.7692307692307692,0.9090909090909091,,,,,
,,,,,,,0.8,0.6666666666666666,,,1.0,0.6666666666666666,,,,,,,,,,,,,,support_threshold,0.2,0.7272727272727272,0.8,,,,,
,,10.0,,,,,,,,,,,,,,,,,,,,,,,,challenge_scenarios,,,,baseline,0.7142857142857143,1.0,0.8333333333333334,0.0
,,10.0,,,,,,,,,,,,,,,,,,,,,,,,challenge_scenarios,,,,feedback_cvae_ckd,0.7142857142857143,1.0,0.8333333333333334,1.0
,,10.0,,,,,,,,,,,,,,,,,,,,,,,,challenge_scenarios,,,,held_out_artifact,0.7142857142857143,1.0,0.8333333333333334,0.0
,,10.0,,,,,,,,,,,,,,,,,,,,,,,,challenge_scenarios,,,,high_artefact_rate,0.7142857142857143,1.0,0.8333333333333334,0.0
